Number of Particles of Type 1,50
Number of Particles of Type 2,50
Number of Particles of Type 3,50
Number of Particles of Type 4,50
Number of Updates,Frame Time,TotalTime,
0,0.016,0.016,
0,0,0.016,
0,0.015,0.031,
0,0,0.031,
0,0,0.031,
0,0,0.031,
0,0,0.031,
0,0,0.031,
0,0,0.031,
0,0,0.031,
0,0,0.031,
1,0.016,0.047,
1,0.047,0.094,
1,0.031,0.125,
1,0.016,0.141,
1,0.031,0.172,
1,0.031,0.203,
0,0.016,0.219,
1,0.015,0.234,
0,0.032,0.266,
0,0,0.266,
0,0,0.266,
0,0,0.266,
1,0.015,0.281,
1,0.032,0.313,
1,0.031,0.344,
0,0.015,0.359,
0,0,0.359,
1,0.016,0.375,
1,0.031,0.406,
1,0.032,0.438,
1,0.031,0.469,
1,0.031,0.5,
0,0.031,0.531,
0,0,0.531,
1,0.016,0.547,
1,0.031,0.578,
1,0.031,0.609,
0,0.016,0.625,
0,0,0.625,
1,0.016,0.641,
1,0.031,0.672,
0,0.016,0.688,
1,0.015,0.703,
1,0.031,0.734,
0,0.032,0.766,
0,0,0.766,
0,0,0.766,
1,0.015,0.781,
0,0.016,0.797,
0,0,0.797,
0,0,0.797,
1,0.016,0.813,
0,0.015,0.828,
1,0.016,0.844,
0,0.015,0.859,
0,0,0.859,
1,0.016,0.875,
0,0.016,0.891,
0,0,0.891,
0,0,0.891,
1,0.015,0.906,
0,0.016,0.922,
0,0,0.922,
1,0.016,0.938,
0,0.015,0.953,
0,0,0.953,
0,0,0.953,
0,0,0.953,
1,0.016,0.969,
0,0.015,0.984,
0,0,0.984,
1,0.016,1,
0,0.031,1.031,
0,0,1.031,
0,0,1.031,
0,0,1.031,
0,0,1.031,
0,0,1.031,
0,0,1.031,
1,0.016,1.047,
0,0.016,1.063,
1,0.015,1.078,
0,0.016,1.094,
0,0,1.094,
0,0,1.094,
0,0,1.094,
1,0.015,1.109,
0,0.016,1.125,
0,0,1.125,
1,0.016,1.141,
0,0.015,1.156,
0,0,1.156,
1,0.016,1.172,
0,0.016,1.188,
0,0,1.188,
0,0,1.188,
1,0.015,1.203,
0,0.016,1.219,
1,0.015,1.234,
0,0.032,1.266,
0,0,1.266,
0,0,1.266,
0,0,1.266,
0,0,1.266,
0,0,1.266,
1,0.015,1.281,
0,0.016,1.297,
0,0,1.297,
1,0.016,1.313,
0,0.015,1.328,
0,0,1.328,
1,0.016,1.344,
0,0.015,1.359,
0,0,1.359,
0,0,1.359,
1,0.016,1.375,
0,0.016,1.391,
0,0,1.391,
1,0.015,1.406,
1,0.032,1.438,
0,0.015,1.453,
0,0,1.453,
1,0.016,1.469,
0,0.015,1.484,
0,0,1.484,
1,0.016,1.5,
0,0.016,1.516,
0,0,1.516,
0,0,1.516,
0,0.015,1.531,
0,0,1.531,
0,0,1.531,
0,0,1.531,
0,0,1.531,
1,0.016,1.547,
0,0.016,1.563,
1,0.015,1.578,
1,0.031,1.609,
1,0.047,1.656,
1,0.032,1.688,
1,0.031,1.719,
1,0.031,1.75,
1,0.031,1.781,
1,0.032,1.813,
1,0.031,1.844,
0,0.015,1.859,
1,0.016,1.875,
0,0.016,1.891,
0,0,1.891,
1,0.015,1.906,
0,0.016,1.922,
0,0,1.922,
1,0.016,1.938,
0,0.015,1.953,
0,0,1.953,
0,0,1.953,
0,0,1.953,
1,0.016,1.969,
0,0.015,1.984,
1,0.016,2,
0,0.016,2.016,
0,0.015,2.031,
0,0,2.031,
0,0,2.031,
0,0,2.031,
0,0,2.031,
0,0,2.031,
1,0.016,2.047,
0,0.016,2.063,
0,0,2.063,
1,0.015,2.078,
1,0.031,2.109,
0,0.016,2.125,
0,0,2.125,
1,0.016,2.141,
0,0.015,2.156,
0,0,2.156,
0,0,2.156,
1,0.016,2.172,
0,0.016,2.188,
0,0,2.188,
0,0,2.188,
1,0.015,2.203,
0,0.016,2.219,
0,0,2.219,
0,0,2.219,
1,0.015,2.234,
0,0.016,2.25,
0,0,2.25,
0,0,2.25,
0,0.016,2.266,
0,0,2.266,
0,0,2.266,
0,0,2.266,
0,0,2.266,
0,0,2.266,
1,0.015,2.281,
0,0.016,2.297,
0,0,2.297,
1,0.016,2.313,
0,0.015,2.328,
0,0,2.328,
1,0.016,2.344,
0,0.015,2.359,
0,0,2.359,
0,0,2.359,
0,0,2.359,
1,0.016,2.375,
0,0.016,2.391,
0,0,2.391,
0,0,2.391,
0,0,2.391,
1,0.015,2.406,
0,0.016,2.422,
1,0.016,2.438,
0,0.015,2.453,
0,0,2.453,
0,0,2.453,
0,0,2.453,
1,0.016,2.469,
0,0.015,2.484,
0,0,2.484,
1,0.016,2.5,
0,0.016,2.516,
0,0,2.516,
0,0,2.516,
0,0,2.516,
0,0.015,2.531,
0,0,2.531,
0,0,2.531,
0,0,2.531,
0,0,2.531,
0,0,2.531,
1,0.016,2.547,
0,0.016,2.563,
0,0,2.563,
0,0,2.563,
0,0,2.563,
1,0.015,2.578,
0,0.016,2.594,
0,0,2.594,
0,0,2.594,
0,0,2.594,
0,0,2.594,
1,0.015,2.609,
0,0.016,2.625,
0,0,2.625,
0,0,2.625,
0,0,2.625,
1,0.016,2.641,
0,0.015,2.656,
1,0.016,2.672,
1,0.031,2.703,
1,0.031,2.734,
0,0.016,2.75,
0,0,2.75,
0,0.016,2.766,
0,0,2.766,
0,0,2.766,
0,0,2.766,
0,0,2.766,
0,0,2.766,
0,0,2.766,
1,0.015,2.781,
0,0.016,2.797,
1,0.016,2.813,
0,0.015,2.828,
0,0,2.828,
0,0,2.828,
0,0,2.828,
1,0.016,2.844,
0,0.015,2.859,
0,0,2.859,
0,0,2.859,
1,0.016,2.875,
0,0.016,2.891,
0,0,2.891,
0,0,2.891,
1,0.015,2.906,
0,0.016,2.922,
0,0,2.922,
0,0,2.922,
1,0.016,2.938,
0,0.015,2.953,
0,0,2.953,
0,0,2.953,
0,0,2.953,
1,0.016,2.969,
0,0.015,2.984,
0,0,2.984,
0,0,2.984,
0,0,2.984,
1,0.016,3,
0,0.016,3.016,
0,0,3.016,
0,0,3.016,
0,0,3.016,
0,0.015,3.031,
0,0,3.031,
0,0,3.031,
0,0,3.031,
0,0,3.031,
0,0,3.031,
1,0.016,3.047,
0,0.016,3.063,
0,0,3.063,
0,0,3.063,
0,0,3.063,
1,0.015,3.078,
0,0.016,3.094,
0,0,3.094,
0,0,3.094,
0,0,3.094,
1,0.015,3.109,
0,0.016,3.125,
0,0,3.125,
0,0,3.125,
1,0.016,3.141,
0,0.015,3.156,
0,0,3.156,
0,0,3.156,
0,0,3.156,
1,0.016,3.172,
0,0.016,3.188,
0,0,3.188,
0,0,3.188,
0,0,3.188,
1,0.015,3.203,
0,0.016,3.219,
0,0,3.219,
0,0,3.219,
0,0,3.219,
1,0.015,3.234,
0,0.016,3.25,
0,0,3.25,
0,0,3.25,
0,0,3.25,
0,0.016,3.266,
0,0,3.266,
0,0,3.266,
0,0,3.266,
0,0,3.266,
0,0,3.266,
0,0,3.266,
1,0.015,3.281,
0,0.016,3.297,
0,0,3.297,
0,0,3.297,
0,0,3.297,
1,0.016,3.313,
0,0.015,3.328,
0,0,3.328,
0,0,3.328,
1,0.016,3.344,
0,0.015,3.359,
0,0,3.359,
0,0,3.359,
0,0,3.359,
1,0.016,3.375,
0,0.016,3.391,
0,0,3.391,
0,0,3.391,
0,0,3.391,
1,0.015,3.406,
0,0.016,3.422,
0,0,3.422,
0,0,3.422,
0,0,3.422,
1,0.016,3.438,
0,0.015,3.453,
0,0,3.453,
0,0,3.453,
1,0.016,3.469,
0,0.015,3.484,
0,0,3.484,
0,0,3.484,
0,0,3.484,
0,0,3.484,
1,0.016,3.5,
0,0.016,3.516,
0,0,3.516,
0,0,3.516,
0,0.015,3.531,
0,0,3.531,
0,0,3.531,
0,0,3.531,
0,0,3.531,
1,0.016,3.547,
0,0.016,3.563,
0,0,3.563,
1,0.015,3.578,
0,0.016,3.594,
0,0,3.594,
0,0,3.594,
0,0,3.594,
1,0.015,3.609,
0,0.016,3.625,
0,0,3.625,
0,0,3.625,
0,0,3.625,
1,0.016,3.641,
0,0.015,3.656,
0,0,3.656,
0,0,3.656,
1,0.016,3.672,
0,0.016,3.688,
0,0,3.688,
0,0,3.688,
0,0,3.688,
1,0.015,3.703,
0,0.016,3.719,
0,0,3.719,
0,0,3.719,
0,0,3.719,
0,0,3.719,
1,0.015,3.734,
0,0.016,3.75,
0,0,3.75,
0,0,3.75,
0,0.016,3.766,
0,0,3.766,
0,0,3.766,
0,0,3.766,
0,0,3.766,
0,0,3.766,
0,0,3.766,
1,0.015,3.781,
0,0.016,3.797,
0,0,3.797,
0,0,3.797,
0,0,3.797,
1,0.016,3.813,
0,0.015,3.828,
0,0,3.828,
0,0,3.828,
1,0.016,3.844,
0,0.015,3.859,
0,0,3.859,
0,0,3.859,
0,0,3.859,
0,0,3.859,
1,0.016,3.875,
0,0.016,3.891,
0,0,3.891,
0,0,3.891,
0,0,3.891,
1,0.015,3.906,
0,0.016,3.922,
0,0,3.922,
0,0,3.922,
0,0,3.922,
1,0.016,3.938,
0,0.015,3.953,
0,0,3.953,
0,0,3.953,
0,0,3.953,
1,0.016,3.969,
0,0.015,3.984,
0,0,3.984,
0,0,3.984,
0,0,3.984,
1,0.016,4,
0,0.016,4.016,
0,0,4.016,
0,0,4.016,
0,0,4.016,
0,0.015,4.031,
0,0,4.031,
0,0,4.031,
0,0,4.031,
0,0,4.031,
0,0,4.031,
0,0,4.031,
1,0.016,4.047,
0,0.016,4.063,
0,0,4.063,
0,0,4.063,
0,0,4.063,
1,0.015,4.078,
0,0.016,4.094,
0,0,4.094,
0,0,4.094,
0,0,4.094,
0,0,4.094,
1,0.015,4.109,
0,0.016,4.125,
0,0,4.125,
0,0,4.125,
0,0,4.125,
1,0.016,4.141,
0,0.015,4.156,
0,0,4.156,
1,0.016,4.172,
0,0.016,4.188,
0,0,4.188,
0,0,4.188,
0,0,4.188,
1,0.015,4.203,
0,0.016,4.219,
0,0,4.219,
0,0,4.219,
0,0,4.219,
1,0.015,4.234,
0,0.016,4.25,
0,0,4.25,
0,0,4.25,
0,0,4.25,
0,0.016,4.266,
0,0,4.266,
0,0,4.266,
0,0,4.266,
0,0,4.266,
0,0,4.266,
0,0,4.266,
1,0.015,4.281,
0,0.016,4.297,
0,0,4.297,
0,0,4.297,
0,0,4.297,
0,0,4.297,
1,0.016,4.313,
0,0.015,4.328,
0,0,4.328,
0,0,4.328,
0,0,4.328,
0,0,4.328,
1,0.016,4.344,
0,0.015,4.359,
0,0,4.359,
0,0,4.359,
1,0.016,4.375,
0,0.016,4.391,
0,0,4.391,
0,0,4.391,
0,0,4.391,
1,0.015,4.406,
0,0.016,4.422,
0,0,4.422,
0,0,4.422,
0,0,4.422,
1,0.016,4.438,
0,0.015,4.453,
0,0,4.453,
0,0,4.453,
0,0,4.453,
1,0.016,4.469,
0,0.015,4.484,
0,0,4.484,
0,0,4.484,
0,0,4.484,
1,0.016,4.5,
0,0.016,4.516,
0,0,4.516,
0,0,4.516,
0,0,4.516,
0,0.015,4.531,
0,0,4.531,
0,0,4.531,
0,0,4.531,
0,0,4.531,
0,0,4.531,
0,0,4.531,
1,0.016,4.547,
0,0.016,4.563,
0,0,4.563,
0,0,4.563,
1,0.015,4.578,
0,0.016,4.594,
0,0,4.594,
0,0,4.594,
0,0,4.594,
1,0.015,4.609,
0,0.016,4.625,
0,0,4.625,
0,0,4.625,
0,0,4.625,
1,0.016,4.641,
0,0.015,4.656,
0,0,4.656,
0,0,4.656,
0,0,4.656,
1,0.016,4.672,
0,0.016,4.688,
0,0,4.688,
0,0,4.688,
0,0,4.688,
0,0,4.688,
1,0.015,4.703,
0,0.016,4.719,
0,0,4.719,
0,0,4.719,
0,0,4.719,
1,0.015,4.734,
0,0.016,4.75,
0,0,4.75,
0,0,4.75,
0,0,4.75,
0,0.016,4.766,
0,0,4.766,
0,0,4.766,
0,0,4.766,
0,0,4.766,
0,0,4.766,
0,0,4.766,
1,0.015,4.781,
0,0.016,4.797,
0,0,4.797,
0,0,4.797,
0,0,4.797,
1,0.016,4.813,
0,0.015,4.828,
0,0,4.828,
1,0.016,4.844,
0,0.015,4.859,
0,0,4.859,
0,0,4.859,
1,0.016,4.875,
0,0.016,4.891,
0,0,4.891,
0,0,4.891,
0,0,4.891,
1,0.015,4.906,
0,0.016,4.922,
0,0,4.922,
0,0,4.922,
0,0,4.922,
1,0.016,4.938,
0,0.015,4.953,
0,0,4.953,
0,0,4.953,
0,0,4.953,
1,0.016,4.969,
0,0.015,4.984,
0,0,4.984,
0,0,4.984,
0,0,4.984,
0,0,4.984,
1,0.016,5,
0,0.016,5.016,
0,0,5.016,
0,0,5.016,
0,0,5.016,
0,0.015,5.031,
0,0,5.031,
0,0,5.031,
0,0,5.031,
0,0,5.031,
0,0,5.031,
0,0,5.031,
1,0.016,5.047,
0,0.016,5.063,
0,0,5.063,
0,0,5.063,
0,0,5.063,
1,0.015,5.078,
0,0.016,5.094,
0,0,5.094,
0,0,5.094,
0,0,5.094,
1,0.015,5.109,
0,0.016,5.125,
0,0,5.125,
0,0,5.125,
0,0,5.125,
1,0.016,5.141,
0,0.015,5.156,
0,0,5.156,
0,0,5.156,
0,0,5.156,
0,0,5.156,
1,0.016,5.172,
0,0.016,5.188,
0,0,5.188,
0,0,5.188,
0,0,5.188,
1,0.015,5.203,
0,0.016,5.219,
0,0,5.219,
0,0,5.219,
0,0,5.219,
1,0.015,5.234,
0,0.016,5.25,
0,0,5.25,
0,0,5.25,
0,0,5.25,
0,0.016,5.266,
0,0,5.266,
0,0,5.266,
0,0,5.266,
0,0,5.266,
0,0,5.266,
0,0,5.266,
1,0.015,5.281,
0,0.016,5.297,
0,0,5.297,
0,0,5.297,
0,0,5.297,
1,0.016,5.313,
0,0.015,5.328,
0,0,5.328,
0,0,5.328,
0,0,5.328,
0,0,5.328,
1,0.016,5.344,
0,0.015,5.359,
0,0,5.359,
0,0,5.359,
0,0,5.359,
0,0,5.359,
1,0.016,5.375,
0,0.016,5.391,
0,0,5.391,
0,0,5.391,
0,0,5.391,
1,0.015,5.406,
0,0.016,5.422,
0,0,5.422,
0,0,5.422,
0,0,5.422,
1,0.016,5.438,
0,0.015,5.453,
0,0,5.453,
0,0,5.453,
0,0,5.453,
1,0.016,5.469,
0,0.015,5.484,
0,0,5.484,
1,0.016,5.5,
0,0.016,5.516,
0,0,5.516,
0,0,5.516,
0,0,5.516,
0,0.015,5.531,
0,0,5.531,
0,0,5.531,
0,0,5.531,
0,0,5.531,
0,0,5.531,
1,0.016,5.547,
0,0.016,5.563,
0,0,5.563,
0,0,5.563,
0,0,5.563,
1,0.015,5.578,
0,0.016,5.594,
0,0,5.594,
0,0,5.594,
0,0,5.594,
0,0,5.594,
1,0.015,5.609,
0,0.016,5.625,
0,0,5.625,
0,0,5.625,
1,0.016,5.641,
0,0.015,5.656,
1,0.016,5.672,
0,0.016,5.688,
0,0,5.688,
0,0,5.688,
0,0,5.688,
1,0.015,5.703,
0,0.016,5.719,
0,0,5.719,
0,0,5.719,
0,0,5.719,
1,0.015,5.734,
0,0.016,5.75,
0,0,5.75,
0,0,5.75,
0,0.016,5.766,
0,0,5.766,
0,0,5.766,
0,0,5.766,
0,0,5.766,
0,0,5.766,
1,0.015,5.781,
0,0.016,5.797,
0,0,5.797,
0,0,5.797,
0,0,5.797,
0,0,5.797,
1,0.016,5.813,
0,0.015,5.828,
0,0,5.828,
0,0,5.828,
0,0,5.828,
1,0.016,5.844,
0,0.015,5.859,
0,0,5.859,
0,0,5.859,
0,0,5.859,
1,0.016,5.875,
0,0.016,5.891,
0,0,5.891,
0,0,5.891,
0,0,5.891,
1,0.015,5.906,
0,0.016,5.922,
0,0,5.922,
0,0,5.922,
0,0,5.922,
1,0.016,5.938,
0,0.015,5.953,
0,0,5.953,
0,0,5.953,
0,0,5.953,
1,0.016,5.969,
0,0.015,5.984,
0,0,5.984,
0,0,5.984,
0,0,5.984,
1,0.016,6,
0,0.031,6.031,
0,0,6.031,
0,0,6.031,
0,0,6.031,
1,0.016,6.047,
0,0.016,6.063,
0,0,6.063,
0,0,6.063,
1,0.015,6.078,
0,0.016,6.094,
0,0,6.094,
0,0,6.094,
0,0,6.094,
0,0,6.094,
1,0.015,6.109,
0,0.016,6.125,
0,0,6.125,
0,0,6.125,
0,0,6.125,
1,0.016,6.141,
0,0.015,6.156,
0,0,6.156,
0,0,6.156,
0,0,6.156,
1,0.016,6.172,
0,0.016,6.188,
0,0,6.188,
0,0,6.188,
0,0,6.188,
1,0.015,6.203,
0,0.016,6.219,
0,0,6.219,
0,0,6.219,
0,0,6.219,
0,0,6.219,
1,0.015,6.234,
0,0.016,6.25,
0,0,6.25,
0,0,6.25,
0,0,6.25,
0,0.016,6.266,
0,0,6.266,
0,0,6.266,
0,0,6.266,
0,0,6.266,
0,0,6.266,
1,0.015,6.281,
0,0.016,6.297,
0,0,6.297,
0,0,6.297,
0,0,6.297,
1,0.016,6.313,
0,0.015,6.328,
0,0,6.328,
0,0,6.328,
0,0,6.328,
1,0.016,6.344,
0,0.015,6.359,
0,0,6.359,
0,0,6.359,
0,0,6.359,
0,0,6.359,
1,0.016,6.375,
0,0.016,6.391,
0,0,6.391,
0,0,6.391,
0,0,6.391,
0,0,6.391,
1,0.015,6.406,
0,0.016,6.422,
0,0,6.422,
0,0,6.422,
1,0.016,6.438,
0,0.015,6.453,
0,0,6.453,
0,0,6.453,
0,0,6.453,
0,0,6.453,
1,0.016,6.469,
0,0.015,6.484,
0,0,6.484,
1,0.016,6.5,
0,0.016,6.516,
0,0,6.516,
0,0,6.516,
0,0,6.516,
0,0,6.516,
0,0.015,6.531,
0,0,6.531,
0,0,6.531,
0,0,6.531,
0,0,6.531,
0,0,6.531,
0,0,6.531,
1,0.016,6.547,
0,0.016,6.563,
0,0,6.563,
0,0,6.563,
0,0,6.563,
1,0.015,6.578,
0,0.016,6.594,
0,0,6.594,
0,0,6.594,
0,0,6.594,
0,0,6.594,
1,0.015,6.609,
0,0.016,6.625,
0,0,6.625,
0,0,6.625,
0,0,6.625,
0,0,6.625,
1,0.016,6.641,
0,0.015,6.656,
0,0,6.656,
0,0,6.656,
0,0,6.656,
1,0.016,6.672,
0,0.016,6.688,
0,0,6.688,
0,0,6.688,
0,0,6.688,
0,0,6.688,
1,0.015,6.703,
0,0.016,6.719,
0,0,6.719,
0,0,6.719,
0,0,6.719,
1,0.015,6.734,
0,0.016,6.75,
0,0,6.75,
0,0,6.75,
0,0,6.75,
0,0,6.75,
0,0.016,6.766,
0,0,6.766,
0,0,6.766,
0,0,6.766,
0,0,6.766,
0,0,6.766,
0,0,6.766,
1,0.015,6.781,
0,0.016,6.797,
0,0,6.797,
0,0,6.797,
0,0,6.797,
1,0.016,6.813,
0,0.015,6.828,
0,0,6.828,
0,0,6.828,
0,0,6.828,
0,0,6.828,
1,0.016,6.844,
0,0.015,6.859,
0,0,6.859,
0,0,6.859,
0,0,6.859,
1,0.016,6.875,
0,0.016,6.891,
0,0,6.891,
0,0,6.891,
0,0,6.891,
0,0,6.891,
1,0.015,6.906,
0,0.016,6.922,
0,0,6.922,
0,0,6.922,
1,0.016,6.938,
0,0.015,6.953,
0,0,6.953,
0,0,6.953,
0,0,6.953,
1,0.016,6.969,
0,0.015,6.984,
0,0,6.984,
0,0,6.984,
0,0,6.984,
1,0.016,7,
0,0.016,7.016,
0,0,7.016,
0,0,7.016,
0,0.015,7.031,
0,0,7.031,
0,0,7.031,
0,0,7.031,
0,0,7.031,
0,0,7.031,
1,0.016,7.047,
0,0.016,7.063,
0,0,7.063,
0,0,7.063,
0,0,7.063,
0,0,7.063,
1,0.015,7.078,
0,0.016,7.094,
0,0,7.094,
0,0,7.094,
0,0,7.094,
1,0.015,7.109,
0,0.016,7.125,
0,0,7.125,
0,0,7.125,
0,0,7.125,
1,0.016,7.141,
0,0.015,7.156,
0,0,7.156,
0,0,7.156,
0,0,7.156,
0,0,7.156,
1,0.016,7.172,
0,0.016,7.188,
0,0,7.188,
0,0,7.188,
0,0,7.188,
1,0.015,7.203,
0,0.016,7.219,
0,0,7.219,
0,0,7.219,
0,0,7.219,
0,0,7.219,
1,0.015,7.234,
0,0.016,7.25,
0,0,7.25,
0,0,7.25,
0,0,7.25,
0,0.016,7.266,
0,0,7.266,
0,0,7.266,
0,0,7.266,
0,0,7.266,
0,0,7.266,
0,0,7.266,
1,0.015,7.281,
0,0.016,7.297,
0,0,7.297,
0,0,7.297,
0,0,7.297,
1,0.016,7.313,
0,0.015,7.328,
0,0,7.328,
0,0,7.328,
1,0.016,7.344,
0,0.015,7.359,
0,0,7.359,
0,0,7.359,
1,0.016,7.375,
0,0.016,7.391,
0,0,7.391,
0,0,7.391,
0,0,7.391,
0,0,7.391,
1,0.015,7.406,
0,0.016,7.422,
0,0,7.422,
0,0,7.422,
0,0,7.422,
0,0,7.422,
1,0.016,7.438,
0,0.015,7.453,
0,0,7.453,
0,0,7.453,
0,0,7.453,
1,0.016,7.469,
0,0.015,7.484,
0,0,7.484,
0,0,7.484,
0,0,7.484,
1,0.016,7.5,
0,0.016,7.516,
0,0,7.516,
0,0,7.516,
0,0,7.516,
0,0,7.516,
0,0.015,7.531,
0,0,7.531,
0,0,7.531,
0,0,7.531,
0,0,7.531,
0,0,7.531,
0,0,7.531,
1,0.016,7.547,
0,0.016,7.563,
0,0,7.563,
0,0,7.563,
0,0,7.563,
1,0.015,7.578,
0,0.016,7.594,
0,0,7.594,
0,0,7.594,
0,0,7.594,
0,0,7.594,
1,0.015,7.609,
0,0.016,7.625,
0,0,7.625,
0,0,7.625,
0,0,7.625,
1,0.016,7.641,
0,0.015,7.656,
0,0,7.656,
0,0,7.656,
0,0,7.656,
1,0.016,7.672,
0,0.016,7.688,
0,0,7.688,
0,0,7.688,
0,0,7.688,
0,0,7.688,
1,0.015,7.703,
0,0.016,7.719,
0,0,7.719,
0,0,7.719,
0,0,7.719,
0,0,7.719,
1,0.015,7.734,
0,0.016,7.75,
0,0,7.75,
0,0,7.75,
0,0.016,7.766,
0,0,7.766,
0,0,7.766,
0,0,7.766,
0,0,7.766,
1,0.015,7.781,
0,0.016,7.797,
0,0,7.797,
0,0,7.797,
1,0.016,7.813,
0,0.015,7.828,
0,0,7.828,
0,0,7.828,
0,0,7.828,
0,0,7.828,
1,0.016,7.844,
0,0.015,7.859,
0,0,7.859,
0,0,7.859,
0,0,7.859,
0,0,7.859,
1,0.016,7.875,
0,0.016,7.891,
0,0,7.891,
0,0,7.891,
0,0,7.891,
1,0.015,7.906,
0,0.016,7.922,
0,0,7.922,
0,0,7.922,
0,0,7.922,
0,0,7.922,
1,0.016,7.938,
0,0.015,7.953,
0,0,7.953,
0,0,7.953,
0,0,7.953,
0,0,7.953,
1,0.016,7.969,
0,0.015,7.984,
0,0,7.984,
0,0,7.984,
0,0,7.984,
1,0.016,8,
0,0.016,8.016,
0,0,8.016,
0,0,8.016,
0,0,8.016,
0,0,8.016,
0,0.015,8.031,
0,0,8.031,
0,0,8.031,
0,0,8.031,
0,0,8.031,
0,0,8.031,
0,0,8.031,
1,0.016,8.047,
0,0.016,8.063,
0,0,8.063,
0,0,8.063,
0,0,8.063,
0,0,8.063,
1,0.015,8.078,
0,0.016,8.094,
0,0,8.094,
0,0,8.094,
0,0,8.094,
1,0.015,8.109,
0,0.016,8.125,
0,0,8.125,
0,0,8.125,
0,0,8.125,
0,0,8.125,
1,0.016,8.141,
0,0.015,8.156,
0,0,8.156,
0,0,8.156,
0,0,8.156,
0,0,8.156,
1,0.016,8.172,
0,0.016,8.188,
0,0,8.188,
0,0,8.188,
0,0,8.188,
1,0.015,8.203,
0,0.016,8.219,
0,0,8.219,
0,0,8.219,
0,0,8.219,
1,0.015,8.234,
0,0.016,8.25,
0,0,8.25,
0,0,8.25,
0,0,8.25,
0,0.016,8.266,
0,0,8.266,
0,0,8.266,
0,0,8.266,
0,0,8.266,
0,0,8.266,
1,0.015,8.281,
0,0.016,8.297,
0,0,8.297,
0,0,8.297,
0,0,8.297,
0,0,8.297,
1,0.016,8.313,
0,0.015,8.328,
0,0,8.328,
0,0,8.328,
0,0,8.328,
0,0,8.328,
1,0.016,8.344,
0,0.015,8.359,
0,0,8.359,
0,0,8.359,
0,0,8.359,
1,0.016,8.375,
0,0.016,8.391,
0,0,8.391,
0,0,8.391,
0,0,8.391,
1,0.015,8.406,
0,0.016,8.422,
0,0,8.422,
0,0,8.422,
0,0,8.422,
1,0.016,8.438,
0,0.015,8.453,
0,0,8.453,
0,0,8.453,
0,0,8.453,
1,0.016,8.469,
0,0.015,8.484,
0,0,8.484,
0,0,8.484,
0,0,8.484,
0,0,8.484,
1,0.016,8.5,
0,0.016,8.516,
0,0,8.516,
0,0,8.516,
0,0.015,8.531,
0,0,8.531,
0,0,8.531,
0,0,8.531,
0,0,8.531,
0,0,8.531,
0,0,8.531,
1,0.016,8.547,
0,0.016,8.563,
0,0,8.563,
0,0,8.563,
1,0.015,8.578,
0,0.016,8.594,
0,0,8.594,
0,0,8.594,
1,0.015,8.609,
0,0.016,8.625,
0,0,8.625,
0,0,8.625,
0,0,8.625,
0,0,8.625,
1,0.016,8.641,
0,0.015,8.656,
0,0,8.656,
0,0,8.656,
0,0,8.656,
1,0.016,8.672,
0,0.016,8.688,
0,0,8.688,
0,0,8.688,
0,0,8.688,
0,0,8.688,
1,0.015,8.703,
0,0.016,8.719,
0,0,8.719,
0,0,8.719,
0,0,8.719,
1,0.015,8.734,
0,0.016,8.75,
0,0,8.75,
0,0,8.75,
0,0,8.75,
0,0,8.75,
0,0.016,8.766,
0,0,8.766,
0,0,8.766,
0,0,8.766,
0,0,8.766,
0,0,8.766,
0,0,8.766,
1,0.015,8.781,
0,0.016,8.797,
0,0,8.797,
0,0,8.797,
0,0,8.797,
1,0.016,8.813,
0,0.015,8.828,
0,0,8.828,
0,0,8.828,
0,0,8.828,
1,0.016,8.844,
0,0.015,8.859,
0,0,8.859,
0,0,8.859,
0,0,8.859,
1,0.016,8.875,
0,0.016,8.891,
0,0,8.891,
0,0,8.891,
0,0,8.891,
1,0.015,8.906,
0,0.016,8.922,
0,0,8.922,
0,0,8.922,
0,0,8.922,
0,0,8.922,
0,0,8.922,
1,0.016,8.938,
0,0.015,8.953,
0,0,8.953,
0,0,8.953,
0,0,8.953,
1,0.016,8.969,
0,0.015,8.984,
0,0,8.984,
0,0,8.984,
0,0,8.984,
1,0.016,9,
0,0.016,9.016,
0,0,9.016,
0,0,9.016,
0,0,9.016,
0,0,9.016,
0,0.015,9.031,
0,0,9.031,
0,0,9.031,
0,0,9.031,
0,0,9.031,
0,0,9.031,
0,0,9.031,
1,0.016,9.047,
0,0.016,9.063,
0,0,9.063,
0,0,9.063,
0,0,9.063,
1,0.015,9.078,
0,0.016,9.094,
0,0,9.094,
0,0,9.094,
0,0,9.094,
0,0,9.094,
1,0.015,9.109,
0,0.016,9.125,
0,0,9.125,
0,0,9.125,
0,0,9.125,
1,0.016,9.141,
0,0.015,9.156,
0,0,9.156,
0,0,9.156,
0,0,9.156,
0,0,9.156,
1,0.016,9.172,
0,0.016,9.188,
0,0,9.188,
0,0,9.188,
0,0,9.188,
0,0,9.188,
1,0.015,9.203,
0,0.016,9.219,
0,0,9.219,
0,0,9.219,
0,0,9.219,
0,0,9.219,
1,0.015,9.234,
0,0.016,9.25,
0,0,9.25,
0,0,9.25,
0,0,9.25,
0,0.016,9.266,
0,0,9.266,
0,0,9.266,
0,0,9.266,
0,0,9.266,
0,0,9.266,
1,0.015,9.281,
0,0.016,9.297,
0,0,9.297,
0,0,9.297,
0,0,9.297,
1,0.016,9.313,
0,0.015,9.328,
0,0,9.328,
0,0,9.328,
0,0,9.328,
1,0.016,9.344,
0,0.015,9.359,
0,0,9.359,
0,0,9.359,
0,0,9.359,
0,0,9.359,
1,0.016,9.375,
0,0.016,9.391,
0,0,9.391,
0,0,9.391,
0,0,9.391,
0,0,9.391,
1,0.015,9.406,
0,0.016,9.422,
0,0,9.422,
0,0,9.422,
0,0,9.422,
1,0.016,9.438,
0,0.015,9.453,
0,0,9.453,
0,0,9.453,
0,0,9.453,
1,0.016,9.469,
0,0.015,9.484,
0,0,9.484,
0,0,9.484,
0,0,9.484,
0,0,9.484,
1,0.016,9.5,
0,0.016,9.516,
0,0,9.516,
0,0,9.516,
0,0,9.516,
0,0.015,9.531,
0,0,9.531,
0,0,9.531,
0,0,9.531,
0,0,9.531,
0,0,9.531,
1,0.016,9.547,
0,0.016,9.563,
0,0,9.563,
0,0,9.563,
0,0,9.563,
1,0.015,9.578,
0,0.016,9.594,
0,0,9.594,
0,0,9.594,
0,0,9.594,
1,0.015,9.609,
0,0.016,9.625,
0,0,9.625,
0,0,9.625,
0,0,9.625,
0,0,9.625,
1,0.016,9.641,
0,0.015,9.656,
0,0,9.656,
1,0.016,9.672,
0,0.016,9.688,
0,0,9.688,
0,0,9.688,
0,0,9.688,
1,0.015,9.703,
0,0.016,9.719,
0,0,9.719,
0,0,9.719,
0,0,9.719,
0,0,9.719,
1,0.015,9.734,
0,0.016,9.75,
0,0,9.75,
0,0,9.75,
0,0,9.75,
0,0,9.75,
0,0.016,9.766,
0,0,9.766,
0,0,9.766,
0,0,9.766,
0,0,9.766,
0,0,9.766,
0,0,9.766,
1,0.015,9.781,
0,0.016,9.797,
0,0,9.797,
0,0,9.797,
0,0,9.797,
1,0.016,9.813,
0,0.015,9.828,
0,0,9.828,
0,0,9.828,
0,0,9.828,
0,0,9.828,
1,0.016,9.844,
0,0.015,9.859,
0,0,9.859,
0,0,9.859,
0,0,9.859,
1,0.016,9.875,
0,0.016,9.891,
0,0,9.891,
0,0,9.891,
0,0,9.891,
1,0.015,9.906,
0,0.016,9.922,
0,0,9.922,
0,0,9.922,
0,0,9.922,
1,0.016,9.938,
0,0.015,9.953,
0,0,9.953,
0,0,9.953,
0,0,9.953,
0,0,9.953,
1,0.016,9.969,
0,0.015,9.984,
0,0,9.984,
0,0,9.984,
0,0,9.984,
0,0,9.984,
1,0.016,10,
0,0.016,10.016,
0,0,10.016,
0,0,10.016,
0,0,10.016,
0,0,10.016,
0,0.015,10.031,
0,0,10.031,
0,0,10.031,
0,0,10.031,
0,0,10.031,
0,0,10.031,
0,0,10.031,
1,0.016,10.047,
0,0.016,10.063,
0,0,10.063,
0,0,10.063,
0,0,10.063,
1,0.015,10.078,
0,0.016,10.094,
0,0,10.094,
0,0,10.094,
0,0,10.094,
1,0.015,10.109,
0,0.016,10.125,
0,0,10.125,
0,0,10.125,
0,0,10.125,
0,0,10.125,
1,0.016,10.141,
0,0.015,10.156,
0,0,10.156,
0,0,10.156,
0,0,10.156,
1,0.016,10.172,
0,0.016,10.188,
0,0,10.188,
0,0,10.188,
0,0,10.188,
0,0,10.188,
1,0.015,10.203,
0,0.016,10.219,
0,0,10.219,
0,0,10.219,
0,0,10.219,
0,0,10.219,
1,0.015,10.234,
0,0.016,10.25,
0,0,10.25,
0,0,10.25,
0,0,10.25,
0,0.016,10.266,
0,0,10.266,
0,0,10.266,
0,0,10.266,
0,0,10.266,
0,0,10.266,
0,0,10.266,
1,0.015,10.281,
0,0.016,10.297,
0,0,10.297,
0,0,10.297,
0,0,10.297,
1,0.016,10.313,
0,0.015,10.328,
0,0,10.328,
0,0,10.328,
0,0,10.328,
0,0,10.328,
1,0.016,10.344,
0,0.015,10.359,
0,0,10.359,
0,0,10.359,
0,0,10.359,
0,0,10.359,
1,0.016,10.375,
0,0.016,10.391,
0,0,10.391,
0,0,10.391,
0,0,10.391,
1,0.015,10.406,
0,0.016,10.422,
0,0,10.422,
0,0,10.422,
0,0,10.422,
0,0,10.422,
1,0.016,10.438,
0,0.015,10.453,
0,0,10.453,
0,0,10.453,
0,0,10.453,
1,0.016,10.469,
0,0.015,10.484,
1,0.016,10.5,
0,0.016,10.516,
0,0,10.516,
0,0,10.516,
0,0,10.516,
0,0.015,10.531,
0,0,10.531,
0,0,10.531,
0,0,10.531,
0,0,10.531,
0,0,10.531,
1,0.016,10.547,
0,0.016,10.563,
0,0,10.563,
0,0,10.563,
0,0,10.563,
0,0,10.563,
1,0.015,10.578,
0,0.016,10.594,
0,0,10.594,
0,0,10.594,
0,0,10.594,
1,0.015,10.609,
0,0.016,10.625,
0,0,10.625,
0,0,10.625,
0,0,10.625,
0,0,10.625,
1,0.016,10.641,
0,0.015,10.656,
0,0,10.656,
0,0,10.656,
0,0,10.656,
0,0,10.656,
1,0.016,10.672,
0,0.016,10.688,
0,0,10.688,
0,0,10.688,
0,0,10.688,
1,0.015,10.703,
0,0.016,10.719,
0,0,10.719,
0,0,10.719,
1,0.015,10.734,
0,0.016,10.75,
0,0,10.75,
0,0,10.75,
0,0,10.75,
0,0,10.75,
0,0.016,10.766,
0,0,10.766,
0,0,10.766,
0,0,10.766,
0,0,10.766,
0,0,10.766,
0,0,10.766,
1,0.015,10.781,
0,0.016,10.797,
0,0,10.797,
0,0,10.797,
0,0,10.797,
1,0.016,10.813,
0,0.015,10.828,
0,0,10.828,
0,0,10.828,
0,0,10.828,
1,0.016,10.844,
0,0.015,10.859,
0,0,10.859,
0,0,10.859,
0,0,10.859,
0,0,10.859,
1,0.016,10.875,
0,0.016,10.891,
0,0,10.891,
0,0,10.891,
1,0.015,10.906,
0,0.016,10.922,
0,0,10.922,
0,0,10.922,
0,0,10.922,
0,0,10.922,
1,0.016,10.938,
0,0.015,10.953,
0,0,10.953,
0,0,10.953,
0,0,10.953,
1,0.016,10.969,
0,0.015,10.984,
0,0,10.984,
0,0,10.984,
0,0,10.984,
1,0.016,11,
0,0.016,11.016,
0,0,11.016,
0,0,11.016,
0,0,11.016,
0,0,11.016,
0,0.015,11.031,
0,0,11.031,
0,0,11.031,
0,0,11.031,
0,0,11.031,
0,0,11.031,
0,0,11.031,
1,0.016,11.047,
0,0.016,11.063,
0,0,11.063,
0,0,11.063,
0,0,11.063,
0,0,11.063,
1,0.015,11.078,
0,0.016,11.094,
0,0,11.094,
0,0,11.094,
0,0,11.094,
1,0.015,11.109,
0,0.016,11.125,
0,0,11.125,
0,0,11.125,
0,0,11.125,
0,0,11.125,
1,0.016,11.141,
0,0.015,11.156,
0,0,11.156,
0,0,11.156,
0,0,11.156,
1,0.016,11.172,
0,0.016,11.188,
0,0,11.188,
0,0,11.188,
0,0,11.188,
0,0,11.188,
1,0.015,11.203,
0,0.016,11.219,
0,0,11.219,
0,0,11.219,
0,0,11.219,
0,0,11.219,
1,0.015,11.234,
0,0.016,11.25,
0,0,11.25,
0,0,11.25,
0,0,11.25,
0,0.016,11.266,
0,0,11.266,
0,0,11.266,
0,0,11.266,
0,0,11.266,
0,0,11.266,
0,0,11.266,
1,0.015,11.281,
0,0.016,11.297,
0,0,11.297,
0,0,11.297,
0,0,11.297,
0,0,11.297,
1,0.016,11.313,
0,0.015,11.328,
0,0,11.328,
0,0,11.328,
0,0,11.328,
1,0.016,11.344,
0,0.015,11.359,
0,0,11.359,
0,0,11.359,
0,0,11.359,
1,0.016,11.375,
0,0.016,11.391,
0,0,11.391,
0,0,11.391,
0,0,11.391,
0,0,11.391,
1,0.015,11.406,
0,0.016,11.422,
0,0,11.422,
0,0,11.422,
0,0,11.422,
0,0,11.422,
1,0.016,11.438,
0,0.015,11.453,
0,0,11.453,
0,0,11.453,
1,0.016,11.469,
0,0.015,11.484,
0,0,11.484,
0,0,11.484,
0,0,11.484,
1,0.016,11.5,
0,0.016,11.516,
0,0,11.516,
0,0,11.516,
0,0,11.516,
0,0.015,11.531,
0,0,11.531,
0,0,11.531,
0,0,11.531,
0,0,11.531,
0,0,11.531,
0,0,11.531,
1,0.016,11.547,
0,0.016,11.563,
0,0,11.563,
0,0,11.563,
0,0,11.563,
1,0.015,11.578,
0,0.016,11.594,
0,0,11.594,
0,0,11.594,
0,0,11.594,
0,0,11.594,
1,0.015,11.609,
0,0.016,11.625,
0,0,11.625,
0,0,11.625,
0,0,11.625,
1,0.016,11.641,
0,0.015,11.656,
0,0,11.656,
0,0,11.656,
0,0,11.656,
0,0,11.656,
1,0.016,11.672,
0,0.016,11.688,
0,0,11.688,
0,0,11.688,
0,0,11.688,
1,0.015,11.703,
0,0.016,11.719,
0,0,11.719,
0,0,11.719,
0,0,11.719,
0,0,11.719,
1,0.015,11.734,
0,0.016,11.75,
0,0,11.75,
0,0,11.75,
0,0,11.75,
0,0.016,11.766,
0,0,11.766,
0,0,11.766,
0,0,11.766,
0,0,11.766,
0,0,11.766,
0,0,11.766,
1,0.015,11.781,
0,0.016,11.797,
0,0,11.797,
0,0,11.797,
0,0,11.797,
1,0.016,11.813,
0,0.015,11.828,
0,0,11.828,
0,0,11.828,
0,0,11.828,
0,0,11.828,
1,0.016,11.844,
0,0.015,11.859,
0,0,11.859,
0,0,11.859,
0,0,11.859,
0,0,11.859,
1,0.016,11.875,
0,0.016,11.891,
0,0,11.891,
0,0,11.891,
0,0,11.891,
1,0.015,11.906,
0,0.016,11.922,
0,0,11.922,
0,0,11.922,
1,0.016,11.938,
0,0.015,11.953,
0,0,11.953,
0,0,11.953,
0,0,11.953,
1,0.016,11.969,
0,0.015,11.984,
0,0,11.984,
0,0,11.984,
0,0,11.984,
1,0.016,12,
0,0.016,12.016,
0,0,12.016,
0,0,12.016,
0,0,12.016,
0,0.015,12.031,
0,0,12.031,
0,0,12.031,
0,0,12.031,
0,0,12.031,
0,0,12.031,
0,0,12.031,
1,0.016,12.047,
0,0.016,12.063,
0,0,12.063,
0,0,12.063,
0,0,12.063,
1,0.015,12.078,
0,0.016,12.094,
0,0,12.094,
0,0,12.094,
0,0,12.094,
1,0.015,12.109,
0,0.016,12.125,
0,0,12.125,
0,0,12.125,
0,0,12.125,
1,0.016,12.141,
0,0.015,12.156,
0,0,12.156,
0,0,12.156,
1,0.016,12.172,
0,0.016,12.188,
0,0,12.188,
0,0,12.188,
0,0,12.188,
1,0.015,12.203,
0,0.016,12.219,
0,0,12.219,
0,0,12.219,
1,0.015,12.234,
0,0.016,12.25,
0,0,12.25,
0,0,12.25,
0,0,12.25,
0,0.016,12.266,
0,0,12.266,
0,0,12.266,
0,0,12.266,
0,0,12.266,
0,0,12.266,
0,0,12.266,
1,0.015,12.281,
0,0.016,12.297,
0,0,12.297,
0,0,12.297,
0,0,12.297,
1,0.016,12.313,
0,0.015,12.328,
0,0,12.328,
0,0,12.328,
0,0,12.328,
0,0,12.328,
1,0.016,12.344,
0,0.015,12.359,
0,0,12.359,
0,0,12.359,
0,0,12.359,
1,0.016,12.375,
0,0.016,12.391,
0,0,12.391,
0,0,12.391,
0,0,12.391,
1,0.015,12.406,
0,0.016,12.422,
0,0,12.422,
0,0,12.422,
0,0,12.422,
0,0,12.422,
1,0.016,12.438,
0,0.015,12.453,
0,0,12.453,
0,0,12.453,
1,0.016,12.469,
0,0.015,12.484,
0,0,12.484,
0,0,12.484,
0,0,12.484,
1,0.016,12.5,
0,0.016,12.516,
0,0,12.516,
0,0,12.516,
0,0,12.516,
0,0.015,12.531,
0,0,12.531,
0,0,12.531,
0,0,12.531,
0,0,12.531,
1,0.016,12.547,
0,0.016,12.563,
0,0,12.563,
0,0,12.563,
1,0.015,12.578,
0,0.016,12.594,
0,0,12.594,
0,0,12.594,
0,0,12.594,
1,0.015,12.609,
0,0.016,12.625,
0,0,12.625,
0,0,12.625,
0,0,12.625,
0,0,12.625,
1,0.016,12.641,
0,0.015,12.656,
0,0,12.656,
0,0,12.656,
0,0,12.656,
0,0,12.656,
1,0.016,12.672,
0,0.016,12.688,
0,0,12.688,
0,0,12.688,
0,0,12.688,
1,0.015,12.703,
0,0.016,12.719,
0,0,12.719,
0,0,12.719,
0,0,12.719,
0,0,12.719,
1,0.015,12.734,
0,0.016,12.75,
0,0,12.75,
0,0,12.75,
0,0,12.75,
0,0.016,12.766,
0,0,12.766,
0,0,12.766,
0,0,12.766,
0,0,12.766,
0,0,12.766,
1,0.015,12.781,
0,0.016,12.797,
0,0,12.797,
0,0,12.797,
0,0,12.797,
1,0.016,12.813,
0,0.015,12.828,
0,0,12.828,
0,0,12.828,
1,0.016,12.844,
0,0.015,12.859,
0,0,12.859,
0,0,12.859,
0,0,12.859,
1,0.016,12.875,
0,0.016,12.891,
0,0,12.891,
0,0,12.891,
0,0,12.891,
0,0,12.891,
1,0.015,12.906,
0,0.016,12.922,
0,0,12.922,
0,0,12.922,
0,0,12.922,
1,0.016,12.938,
0,0.015,12.953,
0,0,12.953,
0,0,12.953,
0,0,12.953,
0,0,12.953,
1,0.016,12.969,
0,0.015,12.984,
0,0,12.984,
0,0,12.984,
0,0,12.984,
0,0,12.984,
1,0.016,13,
0,0.016,13.016,
0,0,13.016,
0,0,13.016,
0,0,13.016,
0,0.015,13.031,
0,0,13.031,
0,0,13.031,
0,0,13.031,
0,0,13.031,
0,0,13.031,
1,0.016,13.047,
0,0.016,13.063,
0,0,13.063,
0,0,13.063,
0,0,13.063,
1,0.015,13.078,
0,0.016,13.094,
0,0,13.094,
0,0,13.094,
0,0,13.094,
0,0,13.094,
1,0.015,13.109,
0,0.016,13.125,
0,0,13.125,
0,0,13.125,
0,0,13.125,
1,0.016,13.141,
0,0.015,13.156,
0,0,13.156,
0,0,13.156,
0,0,13.156,
1,0.016,13.172,
0,0.016,13.188,
0,0,13.188,
0,0,13.188,
0,0,13.188,
0,0,13.188,
1,0.015,13.203,
0,0.016,13.219,
0,0,13.219,
0,0,13.219,
0,0,13.219,
1,0.015,13.234,
0,0.016,13.25,
0,0,13.25,
0,0,13.25,
0,0,13.25,
0,0.016,13.266,
0,0,13.266,
0,0,13.266,
0,0,13.266,
0,0,13.266,
0,0,13.266,
0,0,13.266,
1,0.015,13.281,
0,0.016,13.297,
0,0,13.297,
0,0,13.297,
0,0,13.297,
1,0.016,13.313,
0,0.015,13.328,
0,0,13.328,
0,0,13.328,
0,0,13.328,
1,0.016,13.344,
0,0.015,13.359,
0,0,13.359,
0,0,13.359,
0,0,13.359,
0,0,13.359,
1,0.016,13.375,
0,0.016,13.391,
0,0,13.391,
0,0,13.391,
0,0,13.391,
1,0.015,13.406,
0,0.016,13.422,
0,0,13.422,
0,0,13.422,
0,0,13.422,
0,0,13.422,
1,0.016,13.438,
0,0.015,13.453,
0,0,13.453,
0,0,13.453,
0,0,13.453,
1,0.016,13.469,
0,0.015,13.484,
0,0,13.484,
0,0,13.484,
0,0,13.484,
0,0,13.484,
1,0.016,13.5,
0,0.016,13.516,
0,0,13.516,
0,0,13.516,
0,0,13.516,
0,0,13.516,
0,0.015,13.531,
0,0,13.531,
0,0,13.531,
0,0,13.531,
0,0,13.531,
0,0,13.531,
1,0.016,13.547,
0,0.016,13.563,
0,0,13.563,
0,0,13.563,
1,0.015,13.578,
0,0.016,13.594,
0,0,13.594,
0,0,13.594,
0,0,13.594,
1,0.015,13.609,
0,0.016,13.625,
0,0,13.625,
0,0,13.625,
1,0.016,13.641,
0,0.015,13.656,
0,0,13.656,
0,0,13.656,
1,0.016,13.672,
0,0.016,13.688,
0,0,13.688,
0,0,13.688,
0,0,13.688,
0,0,13.688,
1,0.015,13.703,
0,0.016,13.719,
0,0,13.719,
0,0,13.719,
0,0,13.719,
1,0.015,13.734,
0,0.016,13.75,
0,0,13.75,
0,0,13.75,
0,0,13.75,
0,0,13.75,
0,0.016,13.766,
0,0,13.766,
0,0,13.766,
0,0,13.766,
0,0,13.766,
0,0,13.766,
0,0,13.766,
1,0.015,13.781,
0,0.016,13.797,
0,0,13.797,
0,0,13.797,
0,0,13.797,
1,0.016,13.813,
0,0.015,13.828,
0,0,13.828,
0,0,13.828,
0,0,13.828,
0,0,13.828,
1,0.016,13.844,
0,0.015,13.859,
0,0,13.859,
0,0,13.859,
0,0,13.859,
1,0.016,13.875,
0,0.016,13.891,
0,0,13.891,
0,0,13.891,
0,0,13.891,
1,0.015,13.906,
0,0.016,13.922,
0,0,13.922,
0,0,13.922,
0,0,13.922,
0,0,13.922,
1,0.016,13.938,
0,0.015,13.953,
0,0,13.953,
0,0,13.953,
0,0,13.953,
1,0.016,13.969,
0,0.015,13.984,
0,0,13.984,
0,0,13.984,
0,0,13.984,
0,0,13.984,
1,0.016,14,
0,0.016,14.016,
0,0,14.016,
0,0,14.016,
0,0,14.016,
0,0,14.016,
0,0.015,14.031,
0,0,14.031,
0,0,14.031,
0,0,14.031,
0,0,14.031,
0,0,14.031,
1,0.016,14.047,
0,0.016,14.063,
0,0,14.063,
0,0,14.063,
0,0,14.063,
0,0,14.063,
1,0.015,14.078,
0,0.016,14.094,
1,0.015,14.109,
0,0.016,14.125,
0,0,14.125,
0,0,14.125,
0,0,14.125,
1,0.016,14.141,
0,0.015,14.156,
0,0,14.156,
0,0,14.156,
0,0,14.156,
0,0,14.156,
1,0.016,14.172,
0,0.016,14.188,
0,0,14.188,
0,0,14.188,
0,0,14.188,
1,0.015,14.203,
0,0.016,14.219,
0,0,14.219,
0,0,14.219,
0,0,14.219,
0,0,14.219,
1,0.015,14.234,
0,0.016,14.25,
0,0,14.25,
0,0,14.25,
0,0,14.25,
0,0.016,14.266,
0,0,14.266,
0,0,14.266,
0,0,14.266,
0,0,14.266,
0,0,14.266,
0,0,14.266,
1,0.015,14.281,
0,0.016,14.297,
0,0,14.297,
0,0,14.297,
0,0,14.297,
0,0,14.297,
1,0.016,14.313,
0,0.015,14.328,
0,0,14.328,
0,0,14.328,
0,0,14.328,
1,0.016,14.344,
0,0.015,14.359,
0,0,14.359,
0,0,14.359,
0,0,14.359,
0,0,14.359,
1,0.016,14.375,
0,0.016,14.391,
0,0,14.391,
0,0,14.391,
0,0,14.391,
1,0.015,14.406,
0,0.016,14.422,
0,0,14.422,
0,0,14.422,
0,0,14.422,
0,0,14.422,
1,0.016,14.438,
0,0.015,14.453,
0,0,14.453,
0,0,14.453,
1,0.016,14.469,
0,0.015,14.484,
0,0,14.484,
0,0,14.484,
0,0,14.484,
0,0,14.484,
1,0.016,14.5,
0,0.016,14.516,
0,0,14.516,
0,0,14.516,
0,0,14.516,
0,0.015,14.531,
0,0,14.531,
0,0,14.531,
0,0,14.531,
0,0,14.531,
0,0,14.531,
0,0,14.531,
1,0.016,14.547,
0,0.016,14.563,
0,0,14.563,
0,0,14.563,
0,0,14.563,
0,0,14.563,
1,0.015,14.578,
0,0.016,14.594,
0,0,14.594,
0,0,14.594,
0,0,14.594,
1,0.015,14.609,
0,0.016,14.625,
0,0,14.625,
0,0,14.625,
0,0,14.625,
1,0.016,14.641,
0,0.015,14.656,
0,0,14.656,
0,0,14.656,
0,0,14.656,
1,0.016,14.672,
0,0.016,14.688,
0,0,14.688,
0,0,14.688,
0,0,14.688,
1,0.015,14.703,
0,0.016,14.719,
0,0,14.719,
0,0,14.719,
0,0,14.719,
0,0,14.719,
1,0.015,14.734,
0,0.016,14.75,
0,0,14.75,
0,0,14.75,
0,0,14.75,
0,0.016,14.766,
0,0,14.766,
0,0,14.766,
0,0,14.766,
0,0,14.766,
0,0,14.766,
0,0,14.766,
1,0.015,14.781,
0,0.016,14.797,
0,0,14.797,
0,0,14.797,
0,0,14.797,
1,0.016,14.813,
0,0.015,14.828,
0,0,14.828,
0,0,14.828,
0,0,14.828,
1,0.016,14.844,
0,0.015,14.859,
0,0,14.859,
1,0.016,14.875,
0,0.016,14.891,
0,0,14.891,
0,0,14.891,
0,0,14.891,
1,0.015,14.906,
0,0.016,14.922,
0,0,14.922,
0,0,14.922,
0,0,14.922,
0,0,14.922,
1,0.016,14.938,
0,0.015,14.953,
0,0,14.953,
0,0,14.953,
1,0.016,14.969,
0,0.015,14.984,
0,0,14.984,
0,0,14.984,
0,0,14.984,
1,0.016,15,
0,0.016,15.016,
0,0,15.016,
0,0,15.016,
0,0.015,15.031,
0,0,15.031,
0,0,15.031,
0,0,15.031,
0,0,15.031,
0,0,15.031,
1,0.016,15.047,
0,0.016,15.063,
0,0,15.063,
0,0,15.063,
1,0.015,15.078,
0,0.016,15.094,
0,0,15.094,
0,0,15.094,
0,0,15.094,
1,0.015,15.109,
0,0.016,15.125,
0,0,15.125,
0,0,15.125,
1,0.016,15.141,
0,0.015,15.156,
0,0,15.156,
0,0,15.156,
0,0,15.156,
1,0.016,15.172,
0,0.016,15.188,
0,0,15.188,
0,0,15.188,
1,0.015,15.203,
0,0.016,15.219,
0,0,15.219,
0,0,15.219,
0,0,15.219,
1,0.015,15.234,
0,0.016,15.25,
0,0,15.25,
0,0,15.25,
0,0.016,15.266,
0,0,15.266,
0,0,15.266,
0,0,15.266,
0,0,15.266,
0,0,15.266,
1,0.015,15.281,
0,0.016,15.297,
0,0,15.297,
0,0,15.297,
1,0.016,15.313,
0,0.015,15.328,
0,0,15.328,
0,0,15.328,
0,0,15.328,
1,0.016,15.344,
0,0.015,15.359,
0,0,15.359,
0,0,15.359,
0,0,15.359,
1,0.016,15.375,
0,0.016,15.391,
0,0,15.391,
0,0,15.391,
0,0,15.391,
0,0,15.391,
1,0.015,15.406,
0,0.016,15.422,
0,0,15.422,
0,0,15.422,
0,0,15.422,
1,0.016,15.438,
0,0.015,15.453,
0,0,15.453,
0,0,15.453,
1,0.016,15.469,
0,0.015,15.484,
0,0,15.484,
0,0,15.484,
1,0.016,15.5,
0,0.016,15.516,
0,0,15.516,
0,0,15.516,
0,0,15.516,
0,0.015,15.531,
0,0,15.531,
0,0,15.531,
0,0,15.531,
0,0,15.531,
0,0,15.531,
0,0,15.531,
1,0.016,15.547,
0,0.016,15.563,
0,0,15.563,
0,0,15.563,
0,0,15.563,
0,0,15.563,
1,0.015,15.578,
